<?xml version="1.0" encoding="UTF-8"?>
<project-private xmlns="http://www.netbeans.org/ns/project-private/1">
    <editor-bookmarks xmlns="http://www.netbeans.org/ns/editor-bookmarks/2" lastBookmarkId="0"/>
    <open-files xmlns="http://www.netbeans.org/ns/projectui-open-files/2">
        <group>
            <file>file:/E:/Controle_de_Estoque/src/model/dao/impl/FornecedorDaoJDBC.java</file>
            <file>file:/E:/Controle_de_Estoque/src/model/dao/UsuarioDao.java</file>
        </group>
    </open-files>
</project-private>
